asset	estimated_return
AAPL	0.01696782532750015
SPY	0.020757961382691825
TSLA	0.0361031004637616
FNMA	0.16634453324275275
FIGR.PVT	0.5964349649014163
F	0.01622543810091492
