	AAPL	SPY	TSLA	FNMA	FIGR.PVT	F
AAPL	0.0036165804691891427	0.0007855149077826314	0.0030472717791272482	-0.002137260968103481	-0.0013891262837753917	-6.071401285567897e-05
SPY	0.0007855149077826314	0.0012351385873877005	0.0020187280634951757	0.0037576781831275517	-0.010725747352891443	0.0013632658549432484
TSLA	0.0030472717791272482	0.0020187280634951757	0.024400084471330664	0.018863890221191504	-0.1339055677549376	0.00023121399145204264
FNMA	-0.002137260968103481	0.0037576781831275517	0.018863890221191504	0.11049830956627038	-0.01819107935726844	0.0102764154379082
FIGR.PVT	-0.0013891262837753917	-0.010725747352891443	-0.1339055677549376	-0.01819107935726844	4.8172323189315716	-0.006334386469256115
F	-6.071401285567897e-05	0.0013632658549432484	0.00023121399145204264	0.0102764154379082	-0.006334386469256115	0.005289890655732761
