asset	estimated_return
AAPL	0.016739318273282674
SPY	0.020522055561094286
TSLA	0.033921829669093156
FNMA	0.16384135392130308
FIGR.PVT	0.5964349649014163
F	0.015782156371524848
