	AAPL	SPY	TSLA	FNMA	FIGR.PVT	F
AAPL	0.003616581710163816	0.0007855143363580844	0.0030472718748012773	-0.002137252846526966	-0.001389113543882723	-6.0711588926974064e-05
SPY	0.0007855143363580844	0.0012351378828679607	0.0020187251138403996	0.0037576822906926787	-0.010725733101418606	0.0013632692351066994
TSLA	0.0030472718748012773	0.0020187251138403996	0.024400084471330664	0.018863890221191504	-0.1339055677549376	0.00023121358236270135
FNMA	-0.002137252846526966	0.0037576822906926787	0.018863890221191504	0.11049830956627038	-0.01819107935726844	0.010276419934321249
FIGR.PVT	-0.001389113543882723	-0.010725733101418606	-0.1339055677549376	-0.01819107935726844	4.8172323189315716	-0.0063344685283662355
F	-6.0711588926974064e-05	0.0013632692351066994	0.00023121358236270135	0.010276419934321249	-0.0063344685283662355	0.005289893519107307
