asset	estimated_return
AAPL	0.01679738745006903
SPY	0.020815597338459453
TSLA	0.03432031822469419
FNMA	0.16622899934685845
FIGR.PVT	0.5964349649014163
F	0.015985334608384555
