	AAPL	SPY	TSLA	FNMA	FIGR.PVT	F
AAPL	0.0036228161424891824	0.0007839644490604373	0.003074806173900067	-0.002121723295857352	-0.0015315730304046322	-6.031483148428481e-05
SPY	0.0007839644490604373	0.001225294009886755	0.0019709251971958513	0.003686252338351742	-0.010872846709389365	0.0013481868039681847
TSLA	0.003074806173900067	0.0019709251971958513	0.0243578104741441	0.018662108716920013	-0.13526568965978966	0.0001729841977980498
FNMA	-0.002121723295857352	0.003686252338351742	0.018662108716920013	0.11009086152092094	-0.019751925922123322	0.01017844296596081
FIGR.PVT	-0.0015315730304046322	-0.010872846709389365	-0.13526568965978966	-0.019751925922123322	4.8172323189315716	-0.0066108406778389904
F	-6.031483148428481e-05	0.0013481868039681847	0.0001729841977980498	0.01017844296596081	-0.0066108406778389904	0.005267972374977358
