asset	estimated_return
AAPL	0.01673931782868775
SPY	0.02052204750257843
TSLA	0.033921829669093156
FNMA	0.16384135392130308
FIGR.PVT	0.5964349649014163
F	0.015782164955572858
