	AAPL	SPY	TSLA	FNMA	FIGR.PVT	F
AAPL	0.0036241613051553644	0.0007827529375503416	0.0030704679030769426	-0.0021284748612491362	-0.00155670130845358	-6.206116457727196e-05
SPY	0.0007827529375503416	0.0012263297523204377	0.00197591049695972	0.0036927941256773883	-0.01085540843171585	0.0013497788043655263
TSLA	0.0030704679030769426	0.00197591049695972	0.024350848871685832	0.018674900294531317	-0.135086032262001	0.0001781522161397116
FNMA	-0.0021284748612491362	0.0036927941256773883	0.018674900294531317	0.1101208920408423	-0.019583833344333768	0.010186998319490426
FIGR.PVT	-0.00155670130845358	-0.01085540843171585	-0.135086032262001	-0.019583833344333768	4.8172323189315716	-0.006576256078194168
F	-6.206116457727196e-05	0.0013497788043655263	0.0001781522161397116	0.010186998319490426	-0.006576256078194168	0.005270216400021027
