	AAPL	SPY	TSLA	FNMA	FIGR.PVT	F
AAPL	0.0036233684901365096	0.0007857684016302722	0.003048369751081858	-0.002137998831181864	-0.0015421033045990725	-6.433899129962116e-05
SPY	0.0007857684016302722	0.0012210654824586712	0.001997303678570244	0.003693671156742713	-0.010951853914485294	0.0013490780007356748
TSLA	0.003048369751081858	0.001997303678570244	0.02436756010717058	0.018766278994622784	-0.1342661017596034	0.00020920784978826153
FNMA	-0.002137998831181864	0.003693671156742713	0.018766278994622784	0.1102077396710174	-0.019175612111222366	0.010212964268488152
FIGR.PVT	-0.0015421033045990725	-0.010951853914485294	-0.1342661017596034	-0.019175612111222366	4.8172323189315716	-0.0064726050083654145
F	-6.433899129962116e-05	0.0013490780007356748	0.00020920784978826153	0.010212964268488152	-0.0064726050083654145	0.0052778030664412875
