	AAPL	SPY	TSLA	FNMA	FIGR.PVT	F
AAPL	0.00361658269584968	0.0007855145968797105	0.003047273795530103	-0.00213725762854656	-0.001389114064052794	-6.0711923702326794e-05
SPY	0.0007855145968797105	0.0012351409373509935	0.002018724513928641	0.0037576840282477473	-0.01072579456399325	0.0013632681986989977
TSLA	0.003047273795530103	0.002018724513928641	0.024400084471330664	0.018863890221191504	-0.1339055677549376	0.00023121228333962217
FNMA	-0.00213725762854656	0.0037576840282477473	0.018863890221191504	0.11049830956627038	-0.01819107935726844	0.010276414713169093
FIGR.PVT	-0.001389114064052794	-0.01072579456399325	-0.1339055677549376	-0.01819107935726844	4.8172323189315716	-0.006334418105554215
F	-6.0711923702326794e-05	0.0013632681986989977	0.00023121228333962217	0.010276414713169093	-0.006334418105554215	0.0052898860788691965
