asset	estimated_return
AAPL	0.017008083831540968
SPY	0.02072999506145825
TSLA	0.035814978176013326
FNMA	0.16607495782497228
FIGR.PVT	0.5964349649014163
F	0.016170024630882848
