asset	estimated_return
AAPL	0.016984671993566854
SPY	0.020884683743107316
TSLA	0.03450002952901531
FNMA	0.16542028043879617
FIGR.PVT	0.5964349649014163
F	0.016003795769108008
