	AAPL	SPY	TSLA	FNMA	FIGR.PVT	F
AAPL	0.0034748749243823287	0.0007853395267644101	0.0031008513395967938	-0.0020820807591330755	-0.0008488448691566134	0.00011773501976177324
SPY	0.0007853395267644101	0.0012557481991854488	0.0023378994369059056	0.0035152513426256185	-0.009209948288924432	0.0016885031594663432
TSLA	0.0031008513395967938	0.0023378994369059056	0.025567751761535973	0.0176038565585734	-0.12233623526169778	0.0023268322587601314
FNMA	-0.0020820807591330755	0.0035152513426256185	0.0176038565585734	0.10579823241062004	-0.018495232888399757	0.00941377725679009
FIGR.PVT	-0.0008488448691566134	-0.009209948288924432	-0.12233623526169778	-0.018495232888399757	4.6226097133063035	-0.0006285292391640011
F	0.00011773501976177324	0.0016885031594663432	0.0023268322587601314	0.00941377725679009	-0.0006285292391640011	0.007049473897858985
