asset	probability
AAPL	-1.9090144762442856e-07
SPY	1.6224416290362415e-08
TSLA	3.2199230430011476e-07
FNMA	-2.5006521900871383e-08
FIGR.PVT	0.9999999924900185
F	-1.1384034784076739e-07
