asset	allocation
AAPL	-3.993344449652222e-11
SPY	-4.0972724048617434e-11
TSLA	-4.468871367531065e-11
FNMA	-1.0931716107755172e-10
FIGR.PVT	1.0000000002746385
F	-3.972694546789721e-11
