asset	allocation
AAPL	-4.011540847055192e-11
SPY	-4.108095374597731e-11
TSLA	-4.526353309602039e-11
FNMA	-1.0950670464590135e-10
FIGR.PVT	1.0000000002758676
F	-3.990144959528943e-11
