asset	allocation
AAPL	-4.038276568260607e-11
SPY	-4.1366938181153334e-11
TSLA	-4.5070891920910894e-11
FNMA	-1.0830866953644397e-10
FIGR.PVT	1.000000000275267
F	-4.013783738774234e-11
