asset	allocation
AAPL	-4.006403612697781e-11
SPY	-4.1046680842853713e-11
TSLA	-4.530386329878237e-11
FNMA	-1.0965139267087785e-10
FIGR.PVT	1.0000000002759402
F	-3.987460100836306e-11
