asset	allocation
AAPL	-4.038278487448188e-11
SPY	-4.136695938071591e-11
TSLA	-4.507091098599862e-11
FNMA	-1.0830868843089577e-10
FIGR.PVT	1.000000000275267
F	-4.013785427687859e-11
