asset	allocation
AAPL	-4.038278127529928e-11
SPY	-4.13669557258059e-11
TSLA	-4.5070907619389695e-11
FNMA	-1.0830868472620431e-10
FIGR.PVT	1.000000000275267
F	-4.0137850227247474e-11
