asset	allocation
AAPL	0.1304666613736619
SPY	0.8673258414831025
TSLA	1.1914982483489494e-21
FNMA	-1.4901866737223535e-19
FIGR.PVT	0.002207497143235603
F	-5.511424752918612e-20
