asset	allocation
AAPL	0.1265342426021012
SPY	0.8712185775245691
TSLA	1.5917485221413527e-21
FNMA	-1.5078113135371238e-19
FIGR.PVT	0.002247179873329725
F	-5.63616951891991e-20
