asset	allocation
AAPL	0.1283952365032512
SPY	0.8693670576868953
TSLA	2.423610042861649e-21
FNMA	-1.4781794205261576e-19
FIGR.PVT	0.0022377058098535098
F	-5.511059209487389e-20
