asset	allocation
AAPL	0.126207812188939
SPY	0.8715340078341084
TSLA	1.5155191142812464e-21
FNMA	-1.506765706274751e-19
FIGR.PVT	0.002258179976952488
F	-5.615833877400485e-20
