asset	allocation
AAPL	0.1278605764787743
SPY	0.8698983334795498
TSLA	2.670662581478244e-21
FNMA	-1.4840872194238993e-19
FIGR.PVT	0.002241090041675914
F	-5.536586176628748e-20
