asset	allocation
AAPL	1.3177061246393873e-07
SPY	6.267923652287317e-09
TSLA	7.288328983623111e-10
FNMA	3.3139125304274435e-10
FIGR.PVT	-2.020897074908608e-11
F	0.9999998609214487
